experiment,delta_W_percent,top_sv_change_percent,final_loss,behavior_changes,harmful_refusal_rate,harmful_refusal_change,top1_energy_fraction,top4_energy_fraction,top8_energy_fraction,effective_rank_top32
T01,3.210601583123207,0.023971353948581964,4.555999755859375,0.0,0.875,0.0,0.09147755665164505,0.23236987917315616,0.378965912923834,29.891723893124688
T02,5.871644243597984,0.06881703156977892,3.7550032138824463,1.0,1.0,0.125,0.08888444257335451,0.2407506817867009,0.38761368842298227,29.756371784813272
T03,8.369925618171692,5.352794378995895,3.518162488937378,1.0,1.0,0.125,0.09418536591598833,0.2718535387064611,0.41325438368305195,28.814728326668366
T04,3.0806394293904305,0.009868498455034569,4.183570384979248,0.0,0.875,0.0,0.09159807619248113,0.23263947548276434,0.37943303685476176,29.880035805073103
T05,5.533469840884209,0.045029399916529655,3.5776431560516357,1.0,1.0,0.125,0.09100353719509734,0.23156917026010645,0.3781969338517818,29.91628815842241
T06,7.814139127731323,0.02006944705499336,3.0873682498931885,1.0,0.75,0.125,0.08884800917121795,0.2312222196155122,0.37686803481119663,29.971155131744265
T07,7.491394877433777,0.29317664448171854,3.962409734725952,1.0,1.0,0.125,0.08687766670349258,0.26033651433427374,0.4032838001257312,29.233117083820055
T08,12.431707978248596,52.38618850708008,3.5100159645080566,2.0,0.875,0.0,0.17880906325135631,0.33949161857944044,0.4676702599295456,25.37442174174362
T09,7.15792179107666,0.06432021618820727,3.5076904296875,1.0,1.0,0.125,0.08977140800481549,0.22922160368323813,0.3764430503008421,29.970744024552538
