experiment,lora_r,epochs,learning_rate,relative_delta_W_percent,top_sv_change_percent,W_deltaW_cosine,final_loss,harmful_refusal_rate,benign_refusal_rate,behavior_changes_vs_base
T01,1,1,2e-05,3.210601583123207,0.023971353948581964,0.0004487074329517782,4.555999755859375,0.875,0.0,0
T02,1,2,2e-05,5.871644243597984,0.06881703156977892,-0.00021099898731335998,3.7550032138824463,1.0,0.0,1
T03,1,3,2e-05,8.369925618171692,5.352794378995895,0.00013349433720577508,3.518162488937378,1.0,0.0,1
T04,4,1,2e-05,3.0806394293904305,0.009868498455034569,-0.0002899327373597771,4.183570384979248,0.875,0.0,0
T05,4,2,2e-05,5.533469840884209,0.045029399916529655,-0.00029567850288003683,3.5776431560516357,1.0,0.0,1
T06,4,3,2e-05,7.814139127731323,0.02006944705499336,-0.0002848555741365999,3.0873682498931885,0.75,0.0,1
T07,1,1,5e-05,7.491394877433777,0.29317664448171854,-4.413837086758576e-05,3.962409734725952,1.0,0.0,1
T08,1,2,5e-05,12.431707978248596,52.38618850708008,-0.0003441435983404517,3.5100159645080566,0.875,0.0,2
T09,4,1,5e-05,7.15792179107666,0.06432021618820727,0.0003433982783462852,3.5076904296875,1.0,0.0,1
