step,top_singular_value,spectral_gap,spectral_ratio,sigma2,top_sv_growth_from_step10,log10_top_sv
10,1.3385659456253052,1.3385658658405575,16777005.72164222,7.978474769743116e-08,1.0,0.12663977194856307
20,3.2129874229431152,3.2129872314341412,16777128.395079752,1.9150897401232214e-07,2.400320606873188,0.5069090255337483
30,4.974567890167236,4.974567593659884,16777159.417391496,2.9650735200448253e-07,3.716341287797658,0.6967553622543542
40,6.157827377319336,6.1578270102842225,16777170.290012926,3.670351134132943e-07,4.6003167774022025,0.7894275101390436
50,6.8696818351745605,6.869681425709587,16777173.862058738,4.094649739272427e-07,5.132120578463857,0.8369366234601664
60,7.70828914642334,7.7082886869735034,16777179.484197501,4.594498363985622e-07,5.75861740067087,0.8869579971537406
70,8.331425666809082,8.331425170217415,16777182.215336828,4.965916673427273e-07,6.224142855298095,0.920719323885801
80,8.706315040588379,8.706314521651564,16777183.670083957,5.189368152969109e-07,6.504210770520732,0.9398343781801707
90,8.968626976013184,8.968626441441359,16777184.615658682,5.345718250282516e-07,6.700175665849268,0.9527259611731042
100,9.169822692871094,9.16982214630707,16777185.304263435,5.465640242618974e-07,6.850482580137246,0.962360938259754
110,9.377305030822754,9.377304471891819,16777185.983436372,5.589309353126737e-07,7.00548602888757,0.9720780432393887
120,9.587441444396973,9.587440872940931,16777186.64133473,5.714560415981396e-07,7.1624722530336316,0.9817027244978
130,9.7735013961792,9.77350081363312,16777187.200240105,5.825460789310455e-07,7.30147171913413,0.9900501793400507
140,9.923286437988281,9.923285846514318,16777187.634951526,5.914739631407429e-07,7.413371354933628,0.9966555275483885
150,10.045875549316406,10.045874950535563,16777187.981087636,5.987808435747866e-07,7.504953776949345,1.001987793714041
160,10.158084869384766,10.158084263915725,16777188.290592622,6.054690402379492e-07,7.588781787392223,1.0068118369776657
170,10.258150100708008,10.258149489274615,16777188.560889283,6.114333928053384e-07,7.663537335783601,1.0110690495193906
180,10.363728523254395,10.363727905528037,16777188.840419311,6.177263571771618e-07,7.742411613805866,1.0155160281658937
190,10.462480545043945,10.462479921431509,16777189.096769534,6.236124363567797e-07,7.816186105165288,1.019634663432579
200,10.56511402130127,10.565113391571401,16777189.35811718,6.29729868251161e-07,7.892860307577766,1.0238741884261693
210,10.630523681640625,10.630523048012037,16777189.522044547,6.336285878205672e-07,7.941725782269638,1.0265546592970332
220,10.682296752929688,10.682296116215184,16777189.650373029,6.367145033436827e-07,7.980403795451034,1.0286646384496065
230,10.729265213012695,10.729264573498597,16777188.274477402,6.395140985659964e-07,8.01549243657216,1.0305699805996071
240,10.770631790161133,10.770631148181394,16777188.380962158,6.419797387025028e-07,8.046396089308606,1.0322411791506356
250,10.797455787658691,10.797455144080175,16777189.931401536,6.435785167013819e-07,8.066435443802291,1.0333214344175983
260,10.840615272521973,10.840614626370893,16777188.55926138,6.461510793087655e-07,8.098678520808944,1.0350539318221204
270,10.885176658630371,10.885176009823283,16777190.141481418,6.488070880550367e-07,8.131968913601346,1.0368354817230734
280,10.931507110595703,10.931506459027105,16777190.251076099,6.515685981867136e-07,8.166580919171,1.0386800416106117
290,10.971837997436523,10.971837343464017,16777190.345725266,6.539725063703372e-07,8.196710840653486,1.0402793864881983
300,11.016432762145996,11.016432105515435,16777190.449574184,6.566305614796875e-07,8.230026169536025,1.0420409881167283
310,11.050711631774902,11.050710973101104,16777189.080964437,6.586737981706392e-07,8.255634821646842,1.0433902461479703
320,11.07619571685791,11.076195056665199,16777190.58743439,6.601927111660189e-07,8.274673170236461,1.0443906211436376
330,11.092960357666016,11.092959696474054,16777190.625839999,6.61191961626173e-07,8.28719749962262,1.0450474609761906
340,11.111839294433594,11.11183863211636,16777190.668950452,6.623172339459416e-07,8.301301352204016,1.0457859517679504
350,11.120444297790527,11.120443634960395,16777190.688551597,6.628301321143226e-07,8.307729876241295,1.0461221390647515
360,11.138276100158691,11.138275436265701,16777190.729073852,6.63892990360182e-07,8.321051448052113,1.0468179791570071
370,11.150708198547363,11.150707533913362,16777190.75724876,6.646340011684515e-07,8.330339072938509,1.0473024509674969
380,11.16032600402832,11.160325338821053,16777190.77900256,6.652072670476628e-07,8.33752422919651,1.0476768809530552
390,11.169520378112793,11.169519712357499,16777190.799763607,6.657552944488998e-07,8.344393053339633,1.0480345248066463
400,11.177003860473633,11.177003194272288,16777190.816636218,6.662013447567006e-07,8.349983724748313,1.0483254009340948
410,11.181999206542969,11.181998540043878,16777190.827886391,6.664990905846935e-07,8.35371558875222,1.0485194571058036
420,11.185500144958496,11.185499478250733,16777190.835764974,6.667077627753315e-07,8.356331028377715,1.0486554077745724
430,11.188386917114258,11.18838625023443,16777190.842257716,6.668798278042232e-07,8.358487643944693,1.0487674767432982
440,11.18942642211914,11.189425755177353,16777190.844594883,6.669417871307814e-07,8.359264225037526,1.0488078248578359
441,11.189437866210938,11.189437199268468,16777190.84462061,6.669424692518078e-07,8.359272774554144,1.0488082690364011
